ID,MARQUE,MODEL,AGE_MONTH,PREV_OWNERS,COND,PROMOTED,MILEAGE,N_IMAGES,IMPRESSIONS,PRICE
10135,KIA,SPORTAGE,14,1,5,0,7640,4,273,1674
10272,KIA,SPORTAGE,15,1,3,0,15900,2,109,1206
10365,LAND ROVER,FREELANDER,36,2,4,0,16700,4,238,439
10411,NISSAN,PATHFINDER,13,2,4,0,8024,4,186,2308
10414,VOLKSWAGEN,TIGUAN,2,1,2,0,1100,0,219,3063
10613,KIA,SPORTAGE,14,1,2,0,16945,1,163,1207
10803,NISSAN,X-TRAIL,13,3,3,0,7775,1,174,1725
10873,NISSAN,QASHQAI,8,1,5,0,7333,3,146,2817
10980,VOLKSWAGEN,TIGUAN,12,1,5,1,8050,4,217,2513
11126,KIA,SPORTAGE,21,2,2,0,7580,5,229,697
11163,KIA,SPORTAGE,1,1,4,0,1670,3,194,3748
11210,KIA,SPORTAGE,6,1,4,0,12683,5,223,2379
11591,VOLKSWAGEN,TIGUAN,15,1,2,0,10920,5,268,1443
11593,VOLKSWAGEN,TIGUAN,5,1,3,0,6600,1,180,3139
11614,NISSAN,QASHQAI,4,1,1,0,2548,3,187,2649
11635,LAND ROVER,FREELANDER,27,2,1,0,18700,3,218,644
11987,LAND ROVER,FREELANDER,22,2,4,0,11730,0,190,1385
12005,VOLKSWAGEN,TIGUAN,8,1,3,0,3800,3,246,3177
12084,NISSAN,PATHFINDER,20,2,1,0,22900,3,277,1102
12400,VOLKSWAGEN,TIGUAN,8,1,2,0,5780,5,243,2695
12534,VOLKSWAGEN,TIGUAN,8,1,2,0,6700,8,211,2130
12743,KIA,SPORTAGE,10,1,3,0,9540,4,181,1952
12869,NISSAN,X-TRAIL,15,1,2,0,10800,4,220,1189
12997,VOLKSWAGEN,TIGUAN,4,2,3,0,2240,5,230,3374
13039,NISSAN,QASHQAI,13,1,4,0,10300,0,198,2050
13074,VOLKSWAGEN,TIGUAN,18,1,2,0,20289,2,265,1191
13149,VOLKSWAGEN,TIGUAN,5,1,2,0,5080,6,236,3494
13595,LAND ROVER,FREELANDER,30,1,1,1,27825,5,348,586
13611,VOLKSWAGEN,TIGUAN,12,2,2,0,13116,1,253,1564
13681,NISSAN,QASHQAI,9,1,4,0,10004,1,211,2284
13770,NISSAN,X-TRAIL,15,1,3,0,11350,2,181,1614
13797,NISSAN,X-TRAIL,13,1,3,1,8221,3,306,2012
13924,NISSAN,X-TRAIL,20,3,5,0,9700,4,204,1265
13958,NISSAN,QASHQAI,16,1,3,0,12045,3,239,1126
14148,LAND ROVER,DISCOVERY SPORT,16,1,1,0,17600,5,238,1546
14158,LAND ROVER,FREELANDER,29,1,4,0,13640,2,225,661
14431,NISSAN,X-TRAIL,22,1,1,0,23800,1,206,731
14502,VOLKSWAGEN,TIGUAN,11,1,2,1,8127,2,252,1698
14528,LAND ROVER,DISCOVERY SPORT,17,2,2,0,7800,6,183,1661
14529,NISSAN,X-TRAIL,4,1,3,0,3160,4,177,3569
14726,KIA,SPORTAGE,3,1,4,0,1997,4,164,3102
14741,NISSAN,QASHQAI,11,1,4,0,15620,4,252,2208
15043,NISSAN,X-TRAIL,14,1,4,0,17300,4,233,1711
15113,NISSAN,X-TRAIL,6,1,4,0,4700,3,181,2812
15299,NISSAN,QASHQAI,16,1,1,0,15600,7,227,1060
15374,KIA,SPORTAGE,9,1,1,0,7163,5,230,1548
15644,NISSAN,X-TRAIL,27,2,1,0,25060,5,202,573
15765,KIA,SPORTAGE,13,2,3,0,10706,4,258,1487
15799,NISSAN,QASHQAI,7,1,5,0,5700,1,133,2652
15876,KIA,SPORTAGE,13,1,2,0,6400,1,161,1255
15967,KIA,SPORTAGE,9,1,3,0,8080,1,179,1699
16091,LAND ROVER,FREELANDER,37,2,4,0,31444,1,200,376
16188,KIA,SPORTAGE,8,1,5,0,9500,2,103,2360
16204,LAND ROVER,DISCOVERY SPORT,3,1,3,0,3210,2,158,5994
16205,LAND ROVER,FREELANDER,38,2,4,0,32720,4,236,450
16268,NISSAN,X-TRAIL,4,2,2,0,7140,4,147,3683
16340,VOLKSWAGEN,TIGUAN,14,1,2,0,8630,6,265,1465
16370,NISSAN,X-TRAIL,16,2,2,0,13014,5,196,1205
16389,LAND ROVER,FREELANDER,24,1,2,0,16860,4,232,899
16465,NISSAN,X-TRAIL,14,2,2,0,13000,2,210,1513
16499,NISSAN,X-TRAIL,15,1,2,0,10100,4,229,1249
16619,LAND ROVER,FREELANDER,24,2,3,0,18740,0,196,728
16741,NISSAN,QASHQAI,2,1,2,0,3000,1,168,3270
16747,NISSAN,X-TRAIL,5,2,3,0,4930,2,154,3318
16771,KIA,SPORTAGE,1,1,4,0,3390,3,187,3980
16901,VOLKSWAGEN,TIGUAN,16,3,3,0,9800,1,254,1426
16927,NISSAN,X-TRAIL,4,2,1,0,8600,5,189,2949
16975,LAND ROVER,DISCOVERY SPORT,17,1,3,0,14800,4,215,1744
16978,NISSAN,PATHFINDER,11,1,3,0,11561,3,218,2438
17044,NISSAN,X-TRAIL,11,1,3,0,10400,4,221,1977
17091,LAND ROVER,FREELANDER,27,1,2,1,20057,4,286,746
17188,NISSAN,X-TRAIL,17,2,4,0,8300,4,208,1355
17290,VOLKSWAGEN,TIGUAN,15,2,2,0,11514,5,322,1603
17369,VOLKSWAGEN,TIGUAN,5,1,2,0,5900,4,241,2732
17569,LAND ROVER,FREELANDER,27,2,3,0,12800,3,189,723
17766,KIA,SPORTAGE,11,1,1,0,6500,2,111,1153
17801,LAND ROVER,DISCOVERY SPORT,15,1,4,0,7600,3,209,2388
17903,VOLKSWAGEN,TIGUAN,9,1,2,0,8806,5,247,2049
17989,VOLKSWAGEN,TIGUAN,2,1,1,0,3288,6,266,3592
18162,NISSAN,X-TRAIL,11,1,5,0,8200,4,181,2264
18225,LAND ROVER,FREELANDER,31,1,3,0,19728,5,204,541
18344,KIA,SPORTAGE,18,2,5,0,14940,6,228,1182
18502,KIA,SPORTAGE,20,1,4,0,21300,4,257,808
18588,LAND ROVER,FREELANDER,31,2,3,0,27460,5,212,591
18631,LAND ROVER,FREELANDER,26,1,3,0,19883,3,206,776
18698,NISSAN,X-TRAIL,1,1,1,0,1870,7,190,2835
18699,NISSAN,X-TRAIL,4,1,5,0,6900,5,204,4979
18703,KIA,SPORTAGE,12,1,3,0,10308,2,189,1608
18791,NISSAN,X-TRAIL,8,1,3,0,11800,5,202,2254
18847,VOLKSWAGEN,TIGUAN,5,1,4,0,5400,4,228,3338
18879,LAND ROVER,FREELANDER,30,1,4,0,30500,6,221,613
19069,KIA,SPORTAGE,16,3,1,0,7722,3,208,965
19357,VOLKSWAGEN,TIGUAN,16,1,4,1,10900,5,373,1885
19610,NISSAN,X-TRAIL,0,1,3,0,5200,3,211,4676
19717,NISSAN,PATHFINDER,24,1,2,0,17901,2,222,956
19735,NISSAN,X-TRAIL,11,1,1,0,8600,3,202,1727
19782,KIA,SPORTAGE,8,1,5,0,10110,2,155,2961
19817,NISSAN,X-TRAIL,6,1,3,0,6949,3,198,3127
19831,NISSAN,X-TRAIL,7,1,3,0,4100,5,210,2892
20190,NISSAN,X-TRAIL,16,3,4,0,17350,4,292,1600
20193,KIA,SPORTAGE,12,3,2,0,6508,4,161,1319
20211,NISSAN,X-TRAIL,25,1,4,0,10400,8,214,863
20383,NISSAN,PATHFINDER,21,1,1,0,18940,4,235,781
20812,NISSAN,X-TRAIL,5,1,3,0,2649,4,165,3207
20858,LAND ROVER,DISCOVERY SPORT,10,1,4,0,10778,4,213,3807
21042,LAND ROVER,FREELANDER,38,1,2,0,20400,8,269,364
21054,KIA,SPORTAGE,11,1,5,0,4900,4,173,1864
21277,KIA,SPORTAGE,10,1,3,0,6900,0,191,1445
21371,LAND ROVER,FREELANDER,31,1,2,0,19100,6,175,395
21477,NISSAN,X-TRAIL,20,1,2,0,20646,9,208,905
21552,KIA,SPORTAGE,9,1,2,0,9110,6,174,1665
21712,VOLKSWAGEN,TIGUAN,14,2,4,0,16200,1,263,1921
21801,KIA,SPORTAGE,16,1,1,0,9082,2,217,795
22060,LAND ROVER,FREELANDER,24,1,5,0,23740,0,146,974
22260,NISSAN,X-TRAIL,17,1,3,0,15283,1,169,1246
22266,KIA,SPORTAGE,11,1,3,0,8000,4,176,1300
22370,LAND ROVER,FREELANDER,22,2,5,1,12900,5,276,1293
22377,NISSAN,X-TRAIL,16,3,3,0,10090,4,244,1583
22411,VOLKSWAGEN,TIGUAN,8,1,4,0,14210,6,269,2919
22431,NISSAN,X-TRAIL,18,1,2,0,16599,5,260,960
22449,KIA,SPORTAGE,14,2,4,0,13100,3,207,1426
22752,KIA,SPORTAGE,11,1,2,0,10110,0,168,1438
22825,KIA,SPORTAGE,16,1,4,0,7670,4,189,1179
22867,NISSAN,X-TRAIL,6,1,4,0,4073,2,186,3110
22956,LAND ROVER,FREELANDER,31,1,2,1,25290,1,268,609
23126,NISSAN,X-TRAIL,8,1,4,0,8670,0,140,2593
23191,KIA,SPORTAGE,15,2,4,0,13549,1,163,1305
23277,KIA,SPORTAGE,3,1,5,0,3827,2,176,3434
23299,VOLKSWAGEN,TIGUAN,15,2,3,0,10453,6,295,1905
23541,NISSAN,X-TRAIL,10,1,1,0,9066,6,193,1855
23631,NISSAN,X-TRAIL,10,1,3,0,8472,2,138,2688
23672,NISSAN,X-TRAIL,6,2,5,0,6370,2,164,3679
23830,NISSAN,PATHFINDER,12,2,5,0,11040,3,214,2719
23859,LAND ROVER,FREELANDER,33,3,1,0,18430,4,173,438
23946,LAND ROVER,FREELANDER,29,2,2,0,26210,3,221,646
23996,VOLKSWAGEN,TIGUAN,16,1,2,0,13060,2,271,1036
24043,NISSAN,X-TRAIL,14,2,2,0,8020,4,187,1387
24162,LAND ROVER,FREELANDER,20,1,1,0,15539,1,230,915
24516,VOLKSWAGEN,TIGUAN,23,1,3,1,12990,6,345,806
24520,KIA,SPORTAGE,2,1,3,0,8200,4,172,3430
24603,NISSAN,X-TRAIL,15,1,4,0,11400,4,225,1731
24621,KIA,SPORTAGE,20,2,1,0,10600,4,256,840
24660,VOLKSWAGEN,TIGUAN,12,1,4,0,17090,2,233,1847
24682,NISSAN,X-TRAIL,3,1,3,0,3170,4,186,3863
24712,KIA,SPORTAGE,24,2,2,0,19455,3,154,346
24850,NISSAN,X-TRAIL,17,3,2,0,15051,2,183,1252
25133,VOLKSWAGEN,TIGUAN,8,1,1,0,10328,7,241,2140
25247,KIA,SPORTAGE,7,1,1,0,8555,4,209,1619
25262,LAND ROVER,FREELANDER,34,1,2,0,28370,5,218,490
25277,NISSAN,X-TRAIL,2,1,1,0,2787,3,149,3157
25456,KIA,SPORTAGE,18,2,3,0,19200,3,245,1056
25481,NISSAN,QASHQAI,12,1,5,0,5527,5,138,2126
25517,LAND ROVER,FREELANDER,24,2,3,0,23121,6,224,1062
25555,NISSAN,QASHQAI,12,1,1,0,5335,3,205,1330
25755,KIA,SPORTAGE,20,3,2,0,15000,8,303,751
25770,VOLKSWAGEN,TIGUAN,22,1,5,0,19938,3,325,1180
25792,NISSAN,X-TRAIL,13,1,4,0,12300,5,230,1854
25802,VOLKSWAGEN,TIGUAN,1,1,3,0,5094,1,229,3936
26100,NISSAN,X-TRAIL,11,1,5,0,5800,4,144,2540
26125,NISSAN,X-TRAIL,10,1,4,0,13240,0,178,2305
26155,LAND ROVER,FREELANDER,22,1,5,0,14560,2,198,1142
26447,LAND ROVER,FREELANDER,33,1,2,1,28704,4,348,579
26606,NISSAN,X-TRAIL,18,1,4,0,16300,1,225,1427
26699,NISSAN,QASHQAI,14,3,3,0,11760,2,201,1402
26722,VOLKSWAGEN,TIGUAN,12,1,1,0,7200,4,260,1600
26762,VOLKSWAGEN,TIGUAN,21,1,3,0,9630,3,245,1159
26855,LAND ROVER,FREELANDER,21,3,2,0,17980,1,241,875
27101,NISSAN,X-TRAIL,7,1,2,0,4725,9,187,2631
27357,LAND ROVER,DISCOVERY SPORT,14,1,1,0,10543,6,250,1872
27370,LAND ROVER,FREELANDER,34,1,3,0,32290,3,227,553
27413,NISSAN,X-TRAIL,15,1,4,0,11960,1,177,1598
27717,NISSAN,PATHFINDER,12,1,5,0,8650,5,139,2728
27785,NISSAN,QASHQAI,7,1,2,0,8910,4,170,1918
27898,KIA,SPORTAGE,15,1,1,0,14426,4,236,969
27919,NISSAN,X-TRAIL,4,1,3,0,4659,2,162,3761
27970,LAND ROVER,FREELANDER,26,1,3,0,16100,3,210,790
28294,LAND ROVER,FREELANDER,43,2,4,0,32598,2,201,243
28532,VOLKSWAGEN,TIGUAN,14,1,5,0,9859,3,229,1974
28628,NISSAN,X-TRAIL,23,1,2,0,9850,1,156,684
28689,NISSAN,X-TRAIL,18,2,2,0,8300,3,230,1091
28705,LAND ROVER,FREELANDER,24,2,4,0,20882,2,199,1059
28710,LAND ROVER,FREELANDER,23,2,3,0,25500,4,249,1059
28817,NISSAN,X-TRAIL,6,1,4,0,12200,4,174,3299
29149,LAND ROVER,FREELANDER,24,1,1,0,12900,1,181,598
29152,VOLKSWAGEN,TIGUAN,23,2,4,1,10029,9,352,1169
29186,VOLKSWAGEN,TIGUAN,26,2,4,0,11800,3,264,708
29246,NISSAN,X-TRAIL,9,1,2,0,9500,6,202,1740
29316,NISSAN,X-TRAIL,11,1,2,0,14200,5,210,1867
29342,NISSAN,X-TRAIL,12,2,2,0,10700,3,193,1590
29699,LAND ROVER,FREELANDER,22,2,3,0,19100,5,264,1239
29869,VOLKSWAGEN,TIGUAN,11,1,4,0,10650,4,239,2466
30220,KIA,SPORTAGE,5,1,5,0,4000,6,182,3230
30279,KIA,SPORTAGE,8,1,4,0,5275,1,181,2243
30349,KIA,SPORTAGE,10,1,4,0,9990,7,184,2093
30353,NISSAN,PATHFINDER,6,1,2,0,8300,7,184,3251
30380,NISSAN,QASHQAI,6,1,4,0,4500,2,169,2700
30457,LAND ROVER,FREELANDER,35,1,2,0,34333,6,234,317
30542,KIA,SPORTAGE,5,1,4,0,6300,5,182,3047
30557,NISSAN,QASHQAI,14,1,3,0,15170,4,270,1585
30557,VOLKSWAGEN,TIGUAN,3,1,3,0,2500,1,207,3246
30674,VOLKSWAGEN,TIGUAN,14,2,3,0,9000,9,275,1686
30692,VOLKSWAGEN,TIGUAN,9,1,3,0,9410,2,196,2644
30716,NISSAN,PATHFINDER,20,2,2,0,11470,5,259,933
30802,VOLKSWAGEN,TIGUAN,10,1,3,0,6800,3,209,1992
30859,NISSAN,X-TRAIL,10,2,5,0,7490,1,148,2651
30868,NISSAN,X-TRAIL,17,1,2,0,12726,6,232,1289
30959,KIA,SPORTAGE,3,2,4,0,2500,8,191,3402
31020,LAND ROVER,FREELANDER,35,1,5,0,16900,1,167,524
31053,KIA,SPORTAGE,7,1,4,0,5500,3,154,2607
31120,VOLKSWAGEN,TIGUAN,9,1,1,0,5600,3,234,1865
31204,KIA,SPORTAGE,16,1,5,0,10470,4,194,1288
31301,VOLKSWAGEN,TIGUAN,4,1,1,0,10300,3,233,3082
31325,KIA,SPORTAGE,13,1,4,0,7694,4,209,1378
31329,NISSAN,X-TRAIL,15,2,2,0,7600,6,237,1337
31487,VOLKSWAGEN,TIGUAN,10,1,4,1,8500,2,217,2736
31590,NISSAN,X-TRAIL,5,1,3,0,7101,1,150,3345
31608,LAND ROVER,FREELANDER,32,1,4,0,15443,6,251,648
31787,NISSAN,X-TRAIL,19,1,1,0,11808,3,286,951
31873,VOLKSWAGEN,TIGUAN,24,1,1,1,9390,3,268,752
31928,NISSAN,X-TRAIL,24,2,1,0,17492,4,233,677
31984,NISSAN,QASHQAI,15,4,1,0,11290,4,242,1152
31994,LAND ROVER,FREELANDER,30,1,5,0,25526,4,177,786
32153,NISSAN,X-TRAIL,19,2,2,1,7100,4,417,1034
32155,KIA,SPORTAGE,2,1,2,0,1100,4,154,3013
32249,KIA,SPORTAGE,13,1,4,0,5420,5,221,1586
32362,LAND ROVER,FREELANDER,28,1,5,0,11310,3,214,758
32369,NISSAN,X-TRAIL,13,1,4,0,10140,5,234,2050
32372,LAND ROVER,FREELANDER,19,2,2,0,20530,6,245,1217
32397,VOLKSWAGEN,TIGUAN,9,1,2,0,12900,2,214,2164
32403,NISSAN,QASHQAI,14,1,2,0,7300,4,186,1095
32447,NISSAN,X-TRAIL,6,1,4,1,3110,1,285,3595
32486,KIA,SPORTAGE,11,1,2,0,7300,2,139,1426
32701,LAND ROVER,DISCOVERY SPORT,10,1,2,0,6900,2,180,2940
32947,KIA,SPORTAGE,0,1,4,0,7700,8,163,4207
33068,NISSAN,QASHQAI,18,1,2,0,19690,1,190,906
33323,NISSAN,X-TRAIL,20,1,2,0,20800,1,226,988
33463,LAND ROVER,FREELANDER,29,1,3,0,25700,4,202,563
33466,KIA,SPORTAGE,6,1,1,0,2700,4,225,2322
33487,LAND ROVER,DISCOVERY SPORT,9,3,1,0,5700,5,184,2684
33913,NISSAN,PATHFINDER,9,1,3,0,9300,2,144,2766
33956,VOLKSWAGEN,TIGUAN,18,1,4,0,10571,3,303,1360
33983,NISSAN,QASHQAI,24,2,4,0,15000,2,183,799
34074,VOLKSWAGEN,TIGUAN,3,1,2,0,6700,3,244,2758
34094,VOLKSWAGEN,TIGUAN,10,1,1,0,5500,4,239,1917
34104,KIA,SPORTAGE,12,2,5,0,12203,5,185,1936
34171,NISSAN,X-TRAIL,9,1,1,0,5050,2,149,2095
34294,NISSAN,X-TRAIL,7,1,4,0,4700,3,181,3302
34294,LAND ROVER,DISCOVERY SPORT,11,1,1,0,4180,4,138,2180
34319,VOLKSWAGEN,TIGUAN,26,2,2,0,26910,4,253,679
34417,VOLKSWAGEN,TIGUAN,6,1,4,0,7643,2,216,3480
34464,LAND ROVER,FREELANDER,31,1,2,0,22744,3,177,432
34500,KIA,SPORTAGE,9,1,3,0,9890,1,121,2036
34553,VOLKSWAGEN,TIGUAN,8,1,4,0,9027,1,192,2695
34693,KIA,SPORTAGE,10,1,2,0,10900,2,175,1756
34695,VOLKSWAGEN,TIGUAN,13,1,5,0,9732,5,234,2145
34720,LAND ROVER,FREELANDER,36,3,5,0,37613,0,133,360
34763,NISSAN,X-TRAIL,26,3,1,0,22763,2,130,418
34824,LAND ROVER,FREELANDER,37,2,3,0,37180,3,200,231
34831,VOLKSWAGEN,TIGUAN,18,2,4,0,10500,3,290,1205
34874,LAND ROVER,FREELANDER,20,3,2,0,18820,6,229,1091
34915,KIA,SPORTAGE,12,1,3,0,6400,4,163,1390
34934,KIA,SPORTAGE,7,2,3,0,5400,3,194,2451
34986,NISSAN,X-TRAIL,4,3,3,0,6240,5,158,4205
35128,KIA,SPORTAGE,8,1,5,0,11600,1,195,2771
35168,NISSAN,X-TRAIL,8,1,1,0,9332,2,121,2028
35235,KIA,SPORTAGE,14,3,2,0,7280,5,251,1307
35250,NISSAN,X-TRAIL,6,1,4,0,10100,4,218,2914
35527,NISSAN,X-TRAIL,9,1,2,0,14760,3,213,1975
35656,NISSAN,X-TRAIL,15,1,5,0,19840,6,187,1967
35740,VOLKSWAGEN,TIGUAN,18,2,2,0,17590,2,242,1010
35800,KIA,SPORTAGE,9,1,3,0,11068,1,154,1833
35865,VOLKSWAGEN,TIGUAN,8,1,3,1,5320,3,276,2969
35918,VOLKSWAGEN,TIGUAN,15,1,3,0,8400,2,271,1652
35958,NISSAN,X-TRAIL,25,1,4,0,16770,2,171,882
36032,NISSAN,X-TRAIL,13,4,2,0,13696,2,179,1676
36435,NISSAN,X-TRAIL,22,1,2,0,17420,5,199,841
36563,NISSAN,X-TRAIL,18,1,2,0,11700,4,215,1060
36590,NISSAN,X-TRAIL,27,3,3,0,29584,6,202,653
36684,NISSAN,X-TRAIL,10,1,2,0,9568,4,175,2110
36739,VOLKSWAGEN,TIGUAN,11,1,2,1,13417,1,223,1939
36752,LAND ROVER,FREELANDER,30,1,2,0,31000,3,213,609
36770,NISSAN,X-TRAIL,16,1,3,0,14950,1,205,1481
36781,NISSAN,QASHQAI,1,1,5,0,3630,3,154,4759
36847,LAND ROVER,FREELANDER,29,2,4,0,23360,3,210,716
36947,NISSAN,X-TRAIL,9,1,3,1,8790,4,304,2403
37067,NISSAN,X-TRAIL,3,1,3,0,2786,4,202,4119
37123,NISSAN,X-TRAIL,13,2,5,0,5190,5,197,2286
37127,LAND ROVER,DISCOVERY SPORT,7,1,2,0,10070,2,167,3718
37134,LAND ROVER,FREELANDER,19,1,2,0,9560,2,172,983
37134,LAND ROVER,FREELANDER,33,1,3,0,22200,5,206,396
37231,NISSAN,QASHQAI,25,2,1,0,13020,1,200,507
37264,NISSAN,QASHQAI,5,1,4,0,8680,5,132,2598
37272,NISSAN,X-TRAIL,15,2,2,0,13853,5,231,1363
37411,KIA,SPORTAGE,14,2,5,0,5900,1,169,1476
37440,NISSAN,QASHQAI,16,1,3,0,16462,6,229,1110
37650,LAND ROVER,FREELANDER,30,2,3,0,23100,1,174,499
37788,NISSAN,X-TRAIL,13,2,2,0,12420,3,224,1579
37799,KIA,SPORTAGE,7,1,3,0,4279,6,103,2117
37925,VOLKSWAGEN,TIGUAN,10,1,3,0,7300,4,208,2371
37959,KIA,SPORTAGE,2,1,3,0,1400,4,151,3377
37965,LAND ROVER,FREELANDER,22,1,4,0,19100,4,248,1138
38175,VOLKSWAGEN,TIGUAN,15,2,5,0,10800,2,276,1767
38198,LAND ROVER,FREELANDER,24,2,5,0,15500,4,224,1044
38251,NISSAN,X-TRAIL,19,1,1,0,22400,6,211,890
38297,VOLKSWAGEN,TIGUAN,16,1,3,0,15240,2,290,1697
38391,KIA,SPORTAGE,14,1,2,0,7600,2,137,1316
38469,NISSAN,QASHQAI,17,1,2,0,11030,5,231,1008
38511,NISSAN,PATHFINDER,10,1,5,0,10561,7,211,2716
38542,LAND ROVER,FREELANDER,34,1,3,0,30728,1,157,435
38557,LAND ROVER,DISCOVERY SPORT,8,1,2,0,9830,6,202,3600
38668,NISSAN,X-TRAIL,19,1,3,1,10300,4,335,1149
38738,NISSAN,X-TRAIL,7,2,1,0,7500,4,147,2071
38759,NISSAN,PATHFINDER,12,2,5,0,9960,2,161,2823
38808,KIA,SPORTAGE,12,2,5,0,5040,5,172,1699
38889,VOLKSWAGEN,TIGUAN,13,1,1,0,11808,4,272,1316
38989,NISSAN,PATHFINDER,12,1,4,0,12350,2,188,1982
39007,KIA,SPORTAGE,14,1,2,0,13690,5,234,1338
39094,KIA,SPORTAGE,15,1,3,0,12430,6,234,1268
39393,KIA,SPORTAGE,2,1,2,0,3160,2,159,2413
39414,LAND ROVER,FREELANDER,30,2,3,0,15900,3,193,577
39537,NISSAN,X-TRAIL,7,2,4,0,4870,2,173,2961
39630,LAND ROVER,DISCOVERY SPORT,3,3,3,0,3011,2,138,5502
39633,LAND ROVER,FREELANDER,38,1,4,0,21800,5,176,298
40024,NISSAN,QASHQAI,19,1,3,0,16987,6,253,1095
40254,LAND ROVER,FREELANDER,41,2,3,0,24100,9,191,281
40316,LAND ROVER,FREELANDER,26,1,5,0,28937,5,193,825
40322,LAND ROVER,FREELANDER,37,1,1,0,52300,2,123,255
40482,LAND ROVER,DISCOVERY SPORT,16,1,2,1,7900,8,262,1668
40721,NISSAN,X-TRAIL,18,2,3,0,19510,4,256,1277
40773,KIA,SPORTAGE,15,1,1,0,12800,6,301,1152
40781,LAND ROVER,FREELANDER,34,1,4,0,17000,4,175,595
40794,LAND ROVER,FREELANDER,34,1,1,0,29200,7,221,403
40952,VOLKSWAGEN,TIGUAN,16,2,1,0,14837,1,270,1085
41042,LAND ROVER,FREELANDER,38,2,4,0,35000,1,184,345
41043,NISSAN,X-TRAIL,14,2,4,0,12800,5,285,1846
41076,NISSAN,X-TRAIL,9,1,4,0,8450,3,192,2592
41107,KIA,SPORTAGE,28,1,2,0,21800,6,198,472
41125,VOLKSWAGEN,TIGUAN,0,1,2,0,3118,3,199,3454
41150,NISSAN,QASHQAI,26,2,4,0,16510,3,240,780
41373,VOLKSWAGEN,TIGUAN,12,1,5,1,12870,4,315,2702
41503,VOLKSWAGEN,TIGUAN,7,1,1,0,6100,5,196,2280
41598,NISSAN,X-TRAIL,9,2,1,0,6800,3,201,2011
41796,KIA,SPORTAGE,7,1,5,0,8500,4,188,2825
41802,LAND ROVER,FREELANDER,26,1,2,0,27890,5,203,663
41914,NISSAN,PATHFINDER,15,1,3,0,14400,3,248,1848
41921,KIA,SPORTAGE,10,2,4,0,5023,2,202,2028
41944,NISSAN,X-TRAIL,8,1,2,0,8437,5,161,2463
42031,KIA,SPORTAGE,7,1,2,0,6600,6,174,2005
42101,KIA,SPORTAGE,7,1,3,0,9900,4,154,1898
42121,KIA,SPORTAGE,15,1,3,0,15700,1,218,1218
42169,KIA,SPORTAGE,20,1,1,0,12565,4,257,619
42244,NISSAN,X-TRAIL,12,3,5,0,7830,4,155,2205
42251,NISSAN,PATHFINDER,8,1,5,0,4910,4,166,3421
42269,NISSAN,X-TRAIL,9,1,2,0,5710,3,186,2235
42756,NISSAN,X-TRAIL,17,2,4,0,16451,8,223,1697
42796,NISSAN,X-TRAIL,21,2,4,1,9500,4,368,1296
42926,LAND ROVER,FREELANDER,39,1,3,0,37985,4,209,363
42957,VOLKSWAGEN,TIGUAN,13,1,4,0,11940,6,341,2232
43025,NISSAN,X-TRAIL,10,1,4,0,13550,3,217,2125
43077,NISSAN,X-TRAIL,12,1,4,0,11500,6,216,2355
43124,LAND ROVER,FREELANDER,31,1,3,0,25468,4,201,614
43173,LAND ROVER,FREELANDER,23,2,3,0,22060,5,217,1039
43186,KIA,SPORTAGE,7,1,5,0,5200,5,180,2936
43187,KIA,SPORTAGE,8,1,4,0,4680,7,179,2412
43216,NISSAN,X-TRAIL,10,1,4,0,16460,3,217,2574
43251,LAND ROVER,FREELANDER,24,1,3,0,11976,2,206,936
43264,KIA,SPORTAGE,10,1,1,0,10130,2,172,1273
43431,KIA,SPORTAGE,5,1,3,0,3000,5,159,3155
43505,LAND ROVER,FREELANDER,19,1,5,0,10760,4,262,1784
43646,NISSAN,X-TRAIL,1,1,3,0,6230,3,182,4007
43700,VOLKSWAGEN,TIGUAN,13,1,3,0,9600,3,258,1791
43918,VOLKSWAGEN,TIGUAN,12,1,5,0,10530,3,230,2516
43938,LAND ROVER,FREELANDER,26,3,5,0,14154,5,242,962
43943,NISSAN,X-TRAIL,9,1,3,1,3348,6,334,2688
43976,LAND ROVER,DISCOVERY SPORT,1,1,4,0,1260,4,167,7397
44180,LAND ROVER,FREELANDER,25,1,1,0,12600,4,230,760
44224,NISSAN,X-TRAIL,23,2,5,0,25827,6,252,1035
44253,NISSAN,X-TRAIL,18,1,5,0,9856,4,195,1517
44351,VOLKSWAGEN,TIGUAN,8,1,3,0,6295,5,225,2418
44400,LAND ROVER,FREELANDER,18,2,3,0,10300,2,217,1301
44559,NISSAN,X-TRAIL,11,1,2,0,11010,2,167,1746
44609,NISSAN,QASHQAI,12,2,2,0,15000,4,226,1316
44829,KIA,SPORTAGE,8,1,2,0,9600,2,125,1542
44925,KIA,SPORTAGE,27,1,1,0,24300,4,245,453
45000,NISSAN,X-TRAIL,2,1,3,0,5010,0,139,4107
45134,LAND ROVER,FREELANDER,22,1,4,0,10044,8,261,1150
45196,VOLKSWAGEN,TIGUAN,2,1,3,0,4400,1,197,4167
45234,VOLKSWAGEN,TIGUAN,23,2,5,0,27430,4,274,1138
45238,VOLKSWAGEN,TIGUAN,2,1,4,0,4754,7,246,4517
45288,LAND ROVER,FREELANDER,36,1,1,0,23430,4,192,363
45340,KIA,SPORTAGE,18,1,4,0,7787,2,241,989
45387,VOLKSWAGEN,TIGUAN,12,2,4,0,8400,3,220,2312
45613,VOLKSWAGEN,TIGUAN,16,1,1,0,6500,4,246,1158
45883,NISSAN,X-TRAIL,4,1,4,0,3820,7,165,4325
46162,NISSAN,X-TRAIL,2,1,2,0,5334,1,119,4139
46416,VOLKSWAGEN,TIGUAN,5,1,1,0,4385,4,230,2705
46445,KIA,SPORTAGE,11,1,4,0,8366,6,182,1842
46457,NISSAN,PATHFINDER,15,3,1,0,7046,5,216,1213
46463,NISSAN,X-TRAIL,19,2,3,0,9780,2,201,1114
46613,KIA,SPORTAGE,9,1,1,0,11190,3,189,1328
46673,VOLKSWAGEN,TIGUAN,15,1,1,0,19176,1,267,1395
46808,NISSAN,X-TRAIL,6,2,2,0,3900,5,154,2371
46808,VOLKSWAGEN,TIGUAN,9,1,2,0,10300,3,235,2203
46870,NISSAN,X-TRAIL,7,1,5,0,6840,3,177,3266
46921,NISSAN,X-TRAIL,13,1,3,0,9460,4,244,1437
46945,LAND ROVER,DISCOVERY SPORT,4,1,5,0,2250,4,126,6426
47305,LAND ROVER,FREELANDER,38,1,3,0,39090,3,204,400
47326,LAND ROVER,FREELANDER,31,2,5,0,26570,3,177,746
47430,KIA,SPORTAGE,5,1,2,0,9113,3,178,2519
47622,VOLKSWAGEN,TIGUAN,5,1,3,0,3749,4,234,3156
47631,NISSAN,X-TRAIL,19,1,4,0,16660,5,237,1640
47713,VOLKSWAGEN,TIGUAN,17,1,3,0,16958,2,280,1455
47729,NISSAN,X-TRAIL,18,1,5,0,14800,3,237,1442
47959,KIA,SPORTAGE,14,3,5,0,15992,5,234,1940
48066,VOLKSWAGEN,TIGUAN,11,1,2,0,11100,3,263,1506
48483,LAND ROVER,FREELANDER,40,1,5,0,34300,6,201,272
48581,VOLKSWAGEN,TIGUAN,14,1,2,0,15160,3,310,1396
48759,LAND ROVER,FREELANDER,24,1,5,0,12250,3,232,1080
48827,VOLKSWAGEN,TIGUAN,8,1,2,0,6240,5,196,2323
48838,KIA,SPORTAGE,5,1,3,0,3800,8,180,2672
48964,LAND ROVER,FREELANDER,27,2,3,0,28900,3,192,689
49001,NISSAN,X-TRAIL,20,1,2,0,12000,5,188,822
49039,NISSAN,QASHQAI,20,2,4,0,23500,7,258,1053
49040,LAND ROVER,FREELANDER,26,1,3,0,28910,2,171,698
49086,VOLKSWAGEN,TIGUAN,1,1,1,0,1470,8,239,3308
49126,KIA,SPORTAGE,3,1,4,0,3500,3,134,3180
49228,VOLKSWAGEN,TIGUAN,3,1,3,1,4250,1,230,3893
49439,NISSAN,X-TRAIL,12,2,2,0,13622,3,230,1838
49515,LAND ROVER,FREELANDER,40,1,2,0,17770,1,162,227
49529,NISSAN,X-TRAIL,4,1,2,0,3483,4,176,3233
49559,NISSAN,X-TRAIL,21,2,5,0,20180,5,227,1135
49579,LAND ROVER,FREELANDER,27,2,4,1,24300,1,241,878
49591,LAND ROVER,FREELANDER,27,2,2,0,31002,2,198,675
49634,VOLKSWAGEN,TIGUAN,1,1,1,1,1320,4,226,4024
49840,NISSAN,QASHQAI,15,1,1,0,16740,5,258,1269
49853,KIA,SPORTAGE,13,3,3,0,11380,0,223,1179
49855,LAND ROVER,FREELANDER,33,2,3,0,29342,0,196,444
49912,NISSAN,X-TRAIL,9,1,3,0,11480,2,237,2477
49953,NISSAN,X-TRAIL,15,4,3,0,13600,4,237,1679
50097,NISSAN,X-TRAIL,12,1,1,0,14060,0,170,1436
50111,LAND ROVER,FREELANDER,34,1,3,0,28420,5,210,546
50173,LAND ROVER,FREELANDER,31,1,4,0,24700,5,188,519
50430,NISSAN,QASHQAI,15,1,3,0,14272,2,194,1391
50587,KIA,SPORTAGE,17,2,3,0,15100,3,213,1064
50609,NISSAN,X-TRAIL,13,2,5,0,10912,3,275,2153
50734,KIA,SPORTAGE,11,1,3,0,14191,4,193,1734
50766,NISSAN,X-TRAIL,18,1,4,0,10100,6,232,1374
50899,NISSAN,X-TRAIL,7,1,5,0,8934,3,210,3447
51120,NISSAN,X-TRAIL,7,1,2,0,6490,3,182,2082
51128,VOLKSWAGEN,TIGUAN,24,4,4,0,25010,6,210,824
51318,NISSAN,X-TRAIL,7,1,3,0,2700,3,183,2526
51380,NISSAN,X-TRAIL,10,1,4,0,10310,3,170,2405
51512,KIA,SPORTAGE,18,2,3,0,11680,1,215,1000
51648,VOLKSWAGEN,TIGUAN,14,1,4,0,11540,3,292,1648
51730,LAND ROVER,FREELANDER,29,3,2,0,18950,3,222,516
51762,NISSAN,X-TRAIL,1,1,4,0,1225,3,186,5055
51773,NISSAN,X-TRAIL,0,1,4,0,1910,2,153,5377
51906,NISSAN,X-TRAIL,11,1,2,0,6998,3,143,1698
51948,NISSAN,X-TRAIL,19,3,3,0,18860,5,221,1061
52113,NISSAN,X-TRAIL,9,1,3,0,7600,5,176,2273
52257,NISSAN,X-TRAIL,16,1,4,1,14300,5,352,1989
52260,LAND ROVER,FREELANDER,26,2,4,0,12902,1,138,946
52291,KIA,SPORTAGE,19,1,2,0,21670,4,227,873
52363,KIA,SPORTAGE,16,1,4,0,12002,4,239,1227
52400,VOLKSWAGEN,TIGUAN,4,1,3,0,6595,3,224,3611
52451,LAND ROVER,FREELANDER,29,2,4,0,24806,3,219,791
52501,KIA,SPORTAGE,9,1,1,0,5570,1,138,1677
52721,KIA,SPORTAGE,9,2,1,0,4337,5,184,1484
52999,NISSAN,X-TRAIL,22,1,5,0,13400,3,236,1134
53075,LAND ROVER,FREELANDER,28,1,2,0,15500,1,168,417
53158,NISSAN,X-TRAIL,17,1,3,1,10890,8,358,1371
53299,KIA,SPORTAGE,17,1,4,0,14300,3,251,1094
53321,LAND ROVER,FREELANDER,24,2,3,0,11283,2,166,1037
53327,NISSAN,X-TRAIL,12,2,2,1,10380,5,398,1802
53378,VOLKSWAGEN,TIGUAN,21,4,3,0,12092,2,236,994
53490,VOLKSWAGEN,TIGUAN,4,3,5,0,3100,6,230,4309
53494,LAND ROVER,FREELANDER,36,1,3,0,32810,5,255,388
53558,NISSAN,QASHQAI,6,1,4,0,10200,4,201,3229
53565,LAND ROVER,FREELANDER,29,1,3,0,14410,4,208,709
53641,NISSAN,X-TRAIL,17,2,4,1,12380,4,324,1387
53687,NISSAN,X-TRAIL,9,1,2,0,4570,5,210,1956
53689,KIA,SPORTAGE,3,1,3,0,3249,5,177,2992
53698,KIA,SPORTAGE,14,3,4,0,8299,5,195,1319
53735,KIA,SPORTAGE,5,1,1,0,7480,5,137,1918
53811,KIA,SPORTAGE,9,1,3,0,7200,4,186,1726
53835,NISSAN,X-TRAIL,15,1,2,0,9610,1,187,1217
53856,VOLKSWAGEN,TIGUAN,5,1,4,0,8000,5,215,4094
53879,NISSAN,QASHQAI,19,1,2,0,16250,4,215,805
53972,VOLKSWAGEN,TIGUAN,20,2,4,0,18617,5,234,1132
54056,NISSAN,X-TRAIL,11,1,1,0,12100,5,210,1874
54083,NISSAN,X-TRAIL,15,1,3,0,14666,6,256,1551
54305,LAND ROVER,FREELANDER,29,2,2,0,25840,5,201,767
54413,VOLKSWAGEN,TIGUAN,10,1,2,0,7200,3,280,2269
54428,VOLKSWAGEN,TIGUAN,9,1,2,0,6900,4,207,2441
54588,NISSAN,QASHQAI,11,1,2,0,6900,4,174,1598
54742,KIA,SPORTAGE,12,3,2,0,8000,6,193,1409
54743,NISSAN,X-TRAIL,18,2,3,0,14900,5,282,1236
54842,KIA,SPORTAGE,14,1,3,0,20750,3,170,1269
54862,NISSAN,QASHQAI,13,1,3,0,10437,5,229,1537
55024,KIA,SPORTAGE,10,1,2,0,6020,4,158,1450
55094,VOLKSWAGEN,TIGUAN,11,1,1,0,11066,1,242,1702
55245,NISSAN,X-TRAIL,3,2,2,0,12840,3,189,3360
55288,LAND ROVER,FREELANDER,29,2,5,0,28100,3,242,691
55657,VOLKSWAGEN,TIGUAN,16,1,3,0,8401,3,258,1615
55666,NISSAN,X-TRAIL,15,1,3,0,16500,4,278,1502
55677,VOLKSWAGEN,TIGUAN,4,1,3,0,7100,1,178,3213
55734,NISSAN,X-TRAIL,10,1,2,0,9500,2,144,1918
55743,LAND ROVER,FREELANDER,31,3,1,0,26280,2,155,345
55852,KIA,SPORTAGE,19,1,4,1,23700,2,229,1184
55867,NISSAN,X-TRAIL,14,4,2,0,10000,1,179,1368
55934,NISSAN,PATHFINDER,10,1,4,0,5190,4,138,2890
56313,NISSAN,X-TRAIL,11,3,4,0,13000,4,214,2131
56328,LAND ROVER,FREELANDER,35,2,1,0,16200,3,219,317
56336,VOLKSWAGEN,TIGUAN,14,1,3,1,18810,4,321,1653
56406,NISSAN,X-TRAIL,7,2,4,0,6010,4,172,3144
56418,NISSAN,QASHQAI,9,1,4,0,8130,3,158,2037
56443,VOLKSWAGEN,TIGUAN,10,1,2,0,4727,2,206,2036
56512,NISSAN,QASHQAI,12,3,1,0,7400,6,195,1194
56631,KIA,SPORTAGE,17,1,4,0,17000,6,240,1423
56636,VOLKSWAGEN,TIGUAN,19,1,2,1,18350,1,293,1325
56671,KIA,SPORTAGE,16,1,4,0,18000,3,264,1179
56677,VOLKSWAGEN,TIGUAN,10,1,3,0,5800,7,225,2157
56737,LAND ROVER,FREELANDER,22,1,2,0,10129,5,211,959
56987,KIA,SPORTAGE,18,1,1,0,14600,2,208,675
57188,LAND ROVER,FREELANDER,25,1,3,0,19000,2,154,912
57333,VOLKSWAGEN,TIGUAN,12,2,2,0,4698,3,207,1753
57374,KIA,SPORTAGE,7,1,4,0,5220,4,148,2427
57657,VOLKSWAGEN,TIGUAN,17,3,5,0,10378,3,309,1829
57685,NISSAN,QASHQAI,12,1,4,0,15210,1,195,1892
57772,NISSAN,X-TRAIL,12,1,4,0,20626,8,187,2118
57893,NISSAN,X-TRAIL,7,2,3,0,4000,2,167,2747
58028,NISSAN,QASHQAI,18,1,4,0,11800,3,239,1121
58147,VOLKSWAGEN,TIGUAN,10,1,5,0,10500,1,226,2463
58214,NISSAN,PATHFINDER,11,1,4,0,13000,6,241,2591
58230,KIA,SPORTAGE,8,2,1,0,7460,2,209,1591
58236,LAND ROVER,FREELANDER,25,1,3,0,17100,4,211,759
58320,NISSAN,QASHQAI,17,2,3,0,9491,3,203,1108
58433,NISSAN,X-TRAIL,7,2,4,0,7510,2,156,3133
58453,VOLKSWAGEN,TIGUAN,23,2,4,0,14101,2,270,921
58461,NISSAN,QASHQAI,11,4,3,0,6470,5,151,1634
58557,NISSAN,X-TRAIL,9,1,5,0,5000,4,130,3329
58575,NISSAN,X-TRAIL,14,3,4,0,12200,2,194,1933
58607,LAND ROVER,FREELANDER,22,2,4,0,15100,2,207,1242
58613,NISSAN,X-TRAIL,7,2,3,0,3515,5,175,2548
58770,NISSAN,X-TRAIL,21,2,2,0,14500,3,279,1091
58866,NISSAN,X-TRAIL,17,2,3,0,8450,5,159,1374
58897,VOLKSWAGEN,TIGUAN,2,1,2,0,2400,5,233,3957
59101,LAND ROVER,FREELANDER,26,1,3,0,24996,3,248,958
59200,KIA,SPORTAGE,17,4,1,0,10628,5,229,809
59265,VOLKSWAGEN,TIGUAN,2,2,4,0,4900,1,228,4890
59350,KIA,SPORTAGE,14,3,3,0,6850,2,167,1173
59368,NISSAN,X-TRAIL,6,1,4,0,9400,2,155,3376
59489,NISSAN,QASHQAI,10,1,5,0,12600,1,196,2219
59577,NISSAN,X-TRAIL,7,1,4,0,4138,6,184,3159
59610,KIA,SPORTAGE,32,1,2,0,12460,3,202,348
59764,NISSAN,X-TRAIL,6,1,5,0,6857,5,144,3651
59777,VOLKSWAGEN,TIGUAN,7,1,4,0,4700,8,223,2783
59844,NISSAN,X-TRAIL,9,1,4,0,16008,4,200,2694
59847,LAND ROVER,FREELANDER,25,3,4,0,25768,4,236,1154
59855,KIA,SPORTAGE,14,3,4,0,11989,5,217,1357
59910,VOLKSWAGEN,TIGUAN,11,3,3,0,9406,3,238,2293
60140,VOLKSWAGEN,TIGUAN,7,1,3,1,5820,3,296,3053
60423,VOLKSWAGEN,TIGUAN,3,1,2,0,6311,3,253,3612
60660,KIA,SPORTAGE,10,1,2,0,10423,3,157,1477
60715,VOLKSWAGEN,TIGUAN,1,1,4,0,2470,3,240,5028
60827,VOLKSWAGEN,TIGUAN,17,3,2,0,19730,5,286,1518
60898,KIA,SPORTAGE,3,1,1,0,5620,2,134,2332
60914,NISSAN,X-TRAIL,15,2,5,0,17378,2,211,1847
60937,LAND ROVER,DISCOVERY SPORT,17,1,2,0,17300,3,231,1653
61080,LAND ROVER,FREELANDER,26,1,1,0,14655,9,245,775
61137,NISSAN,QASHQAI,15,3,4,0,8100,6,190,1450
61189,KIA,SPORTAGE,23,1,3,0,15520,1,210,617
61213,KIA,SPORTAGE,12,2,2,0,4700,3,200,1457
61446,VOLKSWAGEN,TIGUAN,10,1,3,0,9339,6,215,2363
61469,KIA,SPORTAGE,14,1,4,0,6416,3,193,1422
61539,LAND ROVER,FREELANDER,36,1,2,0,22000,3,227,397
61554,LAND ROVER,FREELANDER,26,1,2,0,32320,7,221,766
61606,KIA,SPORTAGE,4,1,5,0,3050,2,159,4059
61975,NISSAN,X-TRAIL,7,1,5,0,6690,7,193,3393
62095,NISSAN,X-TRAIL,10,1,4,0,12600,3,164,2513
62484,NISSAN,X-TRAIL,16,1,1,0,16618,1,228,1236
62487,KIA,SPORTAGE,16,1,4,0,21100,4,205,1259
62562,VOLKSWAGEN,TIGUAN,11,1,2,0,5547,5,226,2174
62908,NISSAN,X-TRAIL,13,2,4,0,10762,5,243,2003
63536,KIA,SPORTAGE,18,1,4,0,14100,1,225,1151
63638,NISSAN,X-TRAIL,1,1,3,0,800,2,155,4267
63645,NISSAN,X-TRAIL,14,2,1,0,12310,2,217,987
63752,NISSAN,X-TRAIL,13,3,1,0,14370,2,204,1455
63765,NISSAN,X-TRAIL,19,1,2,0,14300,6,238,926
63774,KIA,SPORTAGE,11,1,3,0,12896,0,188,1747
63823,VOLKSWAGEN,TIGUAN,3,1,4,0,9900,7,180,4716
63833,KIA,SPORTAGE,15,1,1,0,10140,1,160,935
63842,LAND ROVER,FREELANDER,29,2,1,0,18523,2,201,552
63855,NISSAN,X-TRAIL,9,1,2,0,10300,9,219,2136
63968,NISSAN,QASHQAI,6,2,2,0,6720,5,194,2122
64054,NISSAN,X-TRAIL,16,3,4,0,7121,2,150,1353
64139,VOLKSWAGEN,TIGUAN,4,1,2,0,4620,5,275,3532
64168,KIA,SPORTAGE,4,1,4,0,1700,2,129,2976
64303,KIA,SPORTAGE,19,1,4,0,11810,13,291,1104
64311,NISSAN,X-TRAIL,15,2,3,0,14600,3,227,1379
64361,NISSAN,QASHQAI,7,2,3,1,4600,2,305,2782
64372,NISSAN,X-TRAIL,19,1,4,0,18500,5,228,1368
64431,VOLKSWAGEN,TIGUAN,4,1,1,1,4900,1,252,2458
64478,LAND ROVER,DISCOVERY SPORT,15,1,1,0,15629,4,233,1633
64597,KIA,SPORTAGE,18,1,3,0,15493,3,240,955
64617,VOLKSWAGEN,TIGUAN,12,1,3,0,9500,5,227,1888
64903,LAND ROVER,FREELANDER,44,1,2,0,43673,2,176,140
64921,NISSAN,X-TRAIL,5,2,1,0,4700,2,160,2376
64963,KIA,SPORTAGE,16,1,4,0,8380,2,196,1397
65221,VOLKSWAGEN,TIGUAN,6,2,1,0,3800,3,204,2255
65223,LAND ROVER,FREELANDER,29,2,5,0,12790,2,149,745
65233,NISSAN,X-TRAIL,14,1,2,0,18800,3,228,1472
65462,LAND ROVER,FREELANDER,36,2,3,0,24800,5,228,422
65487,VOLKSWAGEN,TIGUAN,7,1,5,0,3630,2,247,3404
65512,LAND ROVER,FREELANDER,41,1,4,0,31100,2,177,413
66065,NISSAN,PATHFINDER,10,1,1,0,7337,2,132,1618
66085,VOLKSWAGEN,TIGUAN,5,1,5,0,8350,3,254,4378
66116,NISSAN,X-TRAIL,9,1,1,0,4600,3,159,1698
66228,LAND ROVER,DISCOVERY SPORT,11,1,2,0,11810,5,237,2499
66259,VOLKSWAGEN,TIGUAN,5,1,3,0,7400,3,222,3720
66365,NISSAN,X-TRAIL,18,3,4,0,15020,3,293,1358
66531,KIA,SPORTAGE,16,2,4,0,12820,4,241,1063
66728,LAND ROVER,FREELANDER,24,3,4,0,12270,0,190,799
66785,LAND ROVER,FREELANDER,20,1,4,0,17533,5,273,1416
66821,VOLKSWAGEN,TIGUAN,4,1,2,0,3800,4,210,2959
66960,NISSAN,X-TRAIL,17,2,3,0,14000,3,165,1125
66980,LAND ROVER,FREELANDER,38,2,5,0,24242,6,237,480
66996,KIA,SPORTAGE,11,2,2,0,5420,4,187,1563
67258,LAND ROVER,FREELANDER,24,2,4,1,24144,6,367,1041
67262,KIA,SPORTAGE,10,1,1,0,9100,2,157,1201
67312,NISSAN,PATHFINDER,9,1,4,0,12650,2,166,3224
67346,KIA,SPORTAGE,7,1,1,0,7737,1,167,1637
67376,LAND ROVER,FREELANDER,39,1,2,0,40210,5,213,368
67432,NISSAN,X-TRAIL,6,1,3,0,4500,5,202,2536
67486,LAND ROVER,FREELANDER,28,1,3,0,28700,3,234,874
67538,NISSAN,X-TRAIL,9,1,3,0,3867,3,181,2279
67636,LAND ROVER,FREELANDER,38,1,4,0,19300,2,197,462
67719,NISSAN,X-TRAIL,20,2,2,0,24700,6,269,831
67744,NISSAN,X-TRAIL,4,1,5,0,6338,7,156,4214
67756,KIA,SPORTAGE,13,1,2,0,6480,6,176,1255
67813,NISSAN,X-TRAIL,13,2,3,0,18671,1,192,1939
67827,VOLKSWAGEN,TIGUAN,9,1,1,0,9300,3,211,1875
67910,VOLKSWAGEN,TIGUAN,4,2,3,0,5665,5,235,4129
67958,LAND ROVER,DISCOVERY SPORT,12,3,3,0,10310,3,212,2604
68014,LAND ROVER,FREELANDER,32,1,2,0,18750,3,230,473
68139,VOLKSWAGEN,TIGUAN,22,1,1,0,24300,3,271,813
68173,NISSAN,PATHFINDER,9,1,2,0,5250,3,177,2203
68225,NISSAN,QASHQAI,3,1,2,0,3223,4,162,2965
68467,LAND ROVER,FREELANDER,30,1,4,1,30089,3,385,753
68481,LAND ROVER,DISCOVERY SPORT,9,1,2,0,5000,5,170,2670
68536,KIA,SPORTAGE,16,2,1,0,16220,3,283,1006
68683,NISSAN,X-TRAIL,19,1,3,0,7420,5,227,1141
68686,VOLKSWAGEN,TIGUAN,8,1,2,0,4750,4,238,2658
69009,LAND ROVER,FREELANDER,23,4,4,1,27000,3,315,1115
69089,LAND ROVER,FREELANDER,25,2,4,0,19300,4,231,891
69357,KIA,SPORTAGE,16,1,5,0,10550,2,204,1399
69589,NISSAN,X-TRAIL,16,1,3,0,8780,3,243,1408
69759,NISSAN,QASHQAI,6,1,1,0,7060,1,134,1909
69782,VOLKSWAGEN,TIGUAN,18,1,3,0,14994,6,302,1164
69784,NISSAN,X-TRAIL,4,1,5,1,5300,4,283,4339
69820,NISSAN,X-TRAIL,7,1,2,0,5130,5,198,2557
69882,NISSAN,X-TRAIL,6,1,4,0,6400,4,185,2934
69968,LAND ROVER,FREELANDER,35,1,2,0,27200,2,178,293
70180,NISSAN,QASHQAI,10,1,3,0,14900,7,202,1662
70189,NISSAN,X-TRAIL,18,2,2,0,11206,3,235,1010
70216,LAND ROVER,FREELANDER,26,2,1,0,25000,2,229,710
70283,VOLKSWAGEN,TIGUAN,24,1,3,0,20300,2,255,798
70405,NISSAN,X-TRAIL,13,3,5,0,5940,3,228,1978
70998,VOLKSWAGEN,TIGUAN,10,1,3,0,8077,3,209,2354
71037,LAND ROVER,FREELANDER,24,1,3,0,11040,5,238,879
71102,VOLKSWAGEN,TIGUAN,23,2,2,0,15220,4,242,748
71189,KIA,SPORTAGE,11,1,3,0,9746,5,157,1749
71367,NISSAN,X-TRAIL,14,2,3,0,9810,4,246,1693
71401,KIA,SPORTAGE,13,2,3,0,8690,5,167,1367
71412,NISSAN,X-TRAIL,7,1,3,0,6950,1,126,2769
71430,NISSAN,X-TRAIL,7,1,3,0,5290,1,162,2447
71500,KIA,SPORTAGE,16,2,4,0,7990,2,171,1397
71542,NISSAN,QASHQAI,14,1,1,0,13000,5,256,1170
71665,NISSAN,X-TRAIL,6,1,1,0,6530,3,210,2602
71718,KIA,SPORTAGE,18,2,1,0,11800,8,234,971
71787,NISSAN,X-TRAIL,4,1,4,0,6279,5,195,3689
72081,NISSAN,QASHQAI,15,1,4,0,17577,3,254,1565
72178,NISSAN,X-TRAIL,6,2,4,0,5400,4,196,3193
72249,LAND ROVER,DISCOVERY SPORT,9,1,3,0,6600,4,171,3193
72291,NISSAN,X-TRAIL,18,3,3,0,11810,4,246,1131
72319,NISSAN,X-TRAIL,10,1,2,0,8700,1,143,1792
72455,LAND ROVER,DISCOVERY SPORT,12,1,2,0,9580,2,129,2376
72457,LAND ROVER,FREELANDER,26,1,2,0,29010,8,198,775
72473,VOLKSWAGEN,TIGUAN,11,2,3,0,9300,5,200,2003
72479,NISSAN,X-TRAIL,6,2,2,0,9080,7,179,2690
72509,VOLKSWAGEN,TIGUAN,13,1,1,0,10650,5,269,1622
72666,LAND ROVER,FREELANDER,34,1,3,0,17252,5,223,491
72858,VOLKSWAGEN,TIGUAN,8,1,2,0,5890,4,216,2260
72874,VOLKSWAGEN,TIGUAN,13,1,5,0,12315,3,307,2096
72894,KIA,SPORTAGE,5,2,4,0,6200,4,157,3129
72949,NISSAN,X-TRAIL,14,1,4,0,16830,2,241,1815
73022,KIA,SPORTAGE,16,1,2,0,14267,5,275,1034
73324,NISSAN,X-TRAIL,4,2,4,0,8300,3,181,4202
73421,KIA,SPORTAGE,9,1,1,0,6953,4,141,1401
73507,VOLKSWAGEN,TIGUAN,1,1,4,1,800,5,251,4757
73578,LAND ROVER,FREELANDER,23,2,2,0,25770,3,265,878
73835,LAND ROVER,DISCOVERY SPORT,3,1,5,0,1726,2,162,6604
73890,NISSAN,X-TRAIL,14,2,5,0,12400,4,212,2072
73994,NISSAN,X-TRAIL,10,1,3,0,4900,5,197,2179
73994,NISSAN,QASHQAI,18,2,1,0,9654,2,124,656
74031,VOLKSWAGEN,TIGUAN,1,1,3,0,2700,3,281,3616
74048,NISSAN,X-TRAIL,9,1,3,0,12650,5,209,2459
74058,KIA,SPORTAGE,11,1,1,0,9730,7,190,1067
74168,NISSAN,X-TRAIL,26,2,4,0,16100,8,213,770
74180,VOLKSWAGEN,TIGUAN,5,1,3,0,2763,4,202,3662
74208,LAND ROVER,FREELANDER,22,2,2,0,11068,2,260,1148
74337,NISSAN,X-TRAIL,8,1,2,0,6389,1,130,2126
74449,LAND ROVER,FREELANDER,39,1,4,0,24200,5,212,278
74520,LAND ROVER,FREELANDER,36,1,5,0,18960,2,170,476
74553,NISSAN,X-TRAIL,5,1,4,0,8900,3,207,3397
74584,LAND ROVER,FREELANDER,29,1,4,0,22120,7,187,648
74703,NISSAN,X-TRAIL,9,2,5,1,5200,3,273,2952
74851,NISSAN,X-TRAIL,16,3,4,1,19100,3,367,1789
74918,LAND ROVER,FREELANDER,36,1,5,0,21470,3,249,509
75169,NISSAN,X-TRAIL,15,1,1,0,12600,5,212,999
75182,KIA,SPORTAGE,9,1,4,0,9300,3,185,2322
75326,VOLKSWAGEN,TIGUAN,20,2,2,0,19500,2,209,1047
75625,NISSAN,QASHQAI,11,1,2,0,5760,5,186,1448
75785,KIA,SPORTAGE,19,1,2,0,19800,2,137,736
75979,KIA,SPORTAGE,12,1,2,0,10226,2,213,1132
76160,LAND ROVER,FREELANDER,23,2,4,0,25150,3,242,1332
76195,VOLKSWAGEN,TIGUAN,25,2,3,0,24500,3,278,864
76381,KIA,SPORTAGE,13,1,5,0,6400,4,224,1596
76435,KIA,SPORTAGE,16,2,1,0,16700,3,218,1008
76534,KIA,SPORTAGE,5,1,2,0,4350,7,216,2115
76576,NISSAN,X-TRAIL,10,1,4,0,13381,4,211,1992
76599,NISSAN,X-TRAIL,11,1,2,0,10900,1,191,1889
76607,LAND ROVER,FREELANDER,33,2,2,0,17484,1,177,396
76659,VOLKSWAGEN,TIGUAN,9,1,3,0,5496,5,236,2078
76724,NISSAN,X-TRAIL,23,1,5,0,18700,5,248,1014
76729,LAND ROVER,FREELANDER,34,1,3,0,16000,5,189,468
76849,NISSAN,QASHQAI,11,1,1,0,9270,4,158,1502
76880,KIA,SPORTAGE,20,1,3,0,21100,5,316,1013
76980,LAND ROVER,FREELANDER,21,2,5,0,12350,4,278,1523
77065,KIA,SPORTAGE,3,1,1,0,9280,1,207,2280
77095,KIA,SPORTAGE,12,1,3,0,12500,0,191,1481
77150,VOLKSWAGEN,TIGUAN,18,3,2,0,13700,4,316,1181
77313,KIA,SPORTAGE,15,2,2,0,7100,4,190,925
77452,LAND ROVER,DISCOVERY SPORT,12,2,5,0,6562,4,200,2955
77519,KIA,SPORTAGE,21,2,4,0,11540,2,258,1107
77568,VOLKSWAGEN,TIGUAN,9,1,3,0,9827,3,223,1901
77749,KIA,SPORTAGE,6,1,4,0,4040,5,187,2910
77786,VOLKSWAGEN,TIGUAN,13,2,1,0,10210,6,336,1568
77827,VOLKSWAGEN,TIGUAN,10,1,2,0,11300,5,253,2093
77938,NISSAN,QASHQAI,13,3,1,0,13220,2,224,1244
78182,KIA,SPORTAGE,18,2,3,0,9812,4,180,975
78223,NISSAN,X-TRAIL,2,1,3,0,3690,3,173,4195
78235,LAND ROVER,DISCOVERY SPORT,18,2,2,0,14720,0,153,1370
78263,VOLKSWAGEN,TIGUAN,5,1,4,0,3900,5,246,3837
78308,NISSAN,X-TRAIL,8,1,4,0,6390,4,193,2351
78392,LAND ROVER,FREELANDER,24,1,2,0,13480,1,226,817
78458,NISSAN,PATHFINDER,6,1,3,0,9420,5,182,3279
78469,NISSAN,X-TRAIL,13,1,4,0,12500,3,232,1702
78612,KIA,SPORTAGE,9,2,4,0,9430,3,186,2253
78625,NISSAN,X-TRAIL,11,1,2,0,11500,1,144,1744
78666,NISSAN,X-TRAIL,6,1,4,0,3628,1,123,3022
78852,NISSAN,X-TRAIL,14,1,1,0,11830,5,213,1169
78876,KIA,SPORTAGE,8,1,4,0,7081,4,156,2262
78944,VOLKSWAGEN,TIGUAN,6,1,4,0,3990,1,206,2946
78994,LAND ROVER,FREELANDER,39,1,4,0,37400,1,175,336
79107,NISSAN,QASHQAI,11,1,2,0,4253,5,199,1463
79176,NISSAN,QASHQAI,6,1,2,0,6220,0,132,2545
79367,LAND ROVER,FREELANDER,33,2,2,0,22700,5,192,404
79602,LAND ROVER,FREELANDER,31,2,2,0,25100,2,146,382
79734,KIA,SPORTAGE,22,1,4,0,12360,5,217,1051
79768,NISSAN,X-TRAIL,15,3,2,0,11049,5,255,1231
79793,LAND ROVER,FREELANDER,31,1,2,0,22724,2,170,490
79894,NISSAN,X-TRAIL,7,1,1,0,9400,6,201,1770
80140,NISSAN,X-TRAIL,19,1,4,0,14848,3,243,1374
80440,LAND ROVER,FREELANDER,25,1,1,0,14680,3,248,721
80471,LAND ROVER,FREELANDER,35,1,3,0,36200,3,202,449
80643,NISSAN,X-TRAIL,18,2,2,0,20150,2,248,1135
80784,NISSAN,QASHQAI,11,1,4,0,10800,3,229,2204
80813,VOLKSWAGEN,TIGUAN,14,2,3,0,10702,1,286,1839
81012,NISSAN,X-TRAIL,13,3,5,0,8300,2,169,2226
81250,VOLKSWAGEN,TIGUAN,14,1,1,0,6988,3,260,1313
81327,KIA,SPORTAGE,6,1,3,0,7589,5,218,2652
81440,NISSAN,X-TRAIL,7,1,2,1,5640,3,262,2831
81489,LAND ROVER,FREELANDER,30,1,2,0,14400,4,216,446
81491,VOLKSWAGEN,TIGUAN,19,1,2,0,12400,4,291,960
81608,VOLKSWAGEN,TIGUAN,14,2,2,0,9150,2,172,1414
81614,LAND ROVER,FREELANDER,26,3,1,0,25870,0,179,549
81730,LAND ROVER,FREELANDER,31,1,3,0,37320,8,196,569
81747,NISSAN,QASHQAI,14,2,2,0,17000,2,205,1252
81998,VOLKSWAGEN,TIGUAN,9,1,5,0,4997,1,232,2823
82084,NISSAN,X-TRAIL,4,1,2,0,5810,7,169,2894
82172,LAND ROVER,FREELANDER,26,3,3,0,25717,3,170,845
82302,NISSAN,X-TRAIL,14,2,1,0,14180,7,245,1304
82402,VOLKSWAGEN,TIGUAN,17,2,3,0,18700,5,294,1398
82528,LAND ROVER,FREELANDER,33,1,2,0,23948,5,210,375
82729,LAND ROVER,FREELANDER,21,2,4,0,10100,3,240,980
82778,LAND ROVER,FREELANDER,30,1,1,0,16605,9,183,434
82981,KIA,SPORTAGE,10,1,4,0,5440,4,201,1970
83033,LAND ROVER,FREELANDER,33,1,3,0,32740,2,160,360
83049,LAND ROVER,DISCOVERY SPORT,27,1,1,0,26933,4,197,722
83050,KIA,SPORTAGE,21,1,1,0,10490,6,226,621
83066,LAND ROVER,FREELANDER,29,1,4,0,25800,6,163,848
83233,LAND ROVER,FREELANDER,28,1,4,0,17840,3,193,805
83289,KIA,SPORTAGE,17,1,4,0,7950,6,275,1267
83347,KIA,SPORTAGE,21,3,4,0,21135,7,277,879
83374,VOLKSWAGEN,TIGUAN,11,1,4,0,9800,1,179,2265
83419,LAND ROVER,FREELANDER,36,2,3,0,35708,3,205,358
83444,KIA,SPORTAGE,6,1,2,0,2427,1,105,2275
83506,LAND ROVER,FREELANDER,22,1,3,1,18200,4,387,1267
83540,NISSAN,PATHFINDER,14,2,2,0,6900,1,190,1580
83599,NISSAN,X-TRAIL,7,2,1,0,3150,2,149,2190
83791,KIA,SPORTAGE,7,1,2,0,6550,2,171,2035
83798,LAND ROVER,FREELANDER,27,1,5,0,20960,3,213,823
83833,NISSAN,X-TRAIL,3,1,4,1,3130,3,264,4401
83882,KIA,SPORTAGE,10,1,2,0,6570,4,200,1492
83961,NISSAN,X-TRAIL,13,2,1,0,10385,2,198,1272
83990,NISSAN,X-TRAIL,25,2,1,0,12486,1,187,605
84014,NISSAN,QASHQAI,10,1,4,0,7500,4,190,2059
84097,NISSAN,X-TRAIL,12,2,3,0,5862,4,185,2078
84143,NISSAN,PATHFINDER,21,1,5,0,18700,3,206,1248
84188,LAND ROVER,FREELANDER,31,3,3,0,32416,2,177,604
84222,VOLKSWAGEN,TIGUAN,16,1,1,0,9253,3,281,1248
84227,NISSAN,X-TRAIL,5,1,4,0,4257,2,151,4133
84270,LAND ROVER,FREELANDER,27,1,1,0,25066,4,256,623
84478,NISSAN,X-TRAIL,17,1,4,0,14260,3,249,1635
84530,LAND ROVER,FREELANDER,23,1,2,0,22680,4,221,722
84600,LAND ROVER,DISCOVERY SPORT,15,1,3,0,7560,3,245,2198
84697,NISSAN,X-TRAIL,10,1,3,0,8800,5,166,2065
84704,NISSAN,X-TRAIL,21,1,2,0,24600,3,263,933
84867,NISSAN,X-TRAIL,9,1,3,0,5820,1,172,2201
84997,LAND ROVER,FREELANDER,22,1,3,1,17920,4,422,1285
84998,NISSAN,X-TRAIL,12,1,2,0,8859,4,180,1566
85063,NISSAN,X-TRAIL,9,1,2,0,13095,6,223,2083
85257,VOLKSWAGEN,TIGUAN,12,1,1,0,4800,2,149,1241
85316,NISSAN,X-TRAIL,14,3,5,0,13300,3,227,2022
85378,KIA,SPORTAGE,7,1,4,0,7000,4,137,2370
85431,NISSAN,X-TRAIL,8,1,3,0,4600,1,132,2190
85557,KIA,SPORTAGE,16,3,1,0,16800,3,236,879
85644,KIA,SPORTAGE,15,1,1,0,16800,6,201,936
85720,LAND ROVER,FREELANDER,28,1,5,0,19940,8,202,847
86048,VOLKSWAGEN,TIGUAN,15,1,5,0,15000,3,272,1730
86179,NISSAN,X-TRAIL,15,2,1,0,14123,2,208,1177
86190,VOLKSWAGEN,TIGUAN,18,1,2,0,7040,6,235,1080
86364,NISSAN,QASHQAI,18,2,3,0,18730,5,266,1298
86417,NISSAN,X-TRAIL,8,1,3,0,6395,3,176,2532
86448,NISSAN,QASHQAI,18,2,3,0,12560,4,249,1080
86544,NISSAN,X-TRAIL,16,3,2,0,17950,3,204,1127
86549,KIA,SPORTAGE,14,1,4,0,12400,4,226,1453
86562,NISSAN,X-TRAIL,1,1,2,0,700,3,158,3428
86651,VOLKSWAGEN,TIGUAN,6,1,5,0,6380,1,186,3675
86807,NISSAN,X-TRAIL,16,2,2,0,6390,3,251,1260
86944,LAND ROVER,DISCOVERY SPORT,25,1,4,0,16980,4,203,1177
86963,LAND ROVER,FREELANDER,34,1,4,0,25175,4,201,486
87120,KIA,SPORTAGE,12,3,2,0,9430,4,192,1337
87132,LAND ROVER,FREELANDER,24,3,3,0,12540,2,174,881
87226,VOLKSWAGEN,TIGUAN,15,2,3,0,14307,4,287,1545
87271,VOLKSWAGEN,TIGUAN,6,1,2,0,8350,7,213,2777
87299,NISSAN,PATHFINDER,9,1,4,0,10349,3,240,2905
87462,NISSAN,X-TRAIL,22,1,1,0,22237,4,193,753
87519,NISSAN,X-TRAIL,10,2,3,0,4590,3,167,1922
87545,VOLKSWAGEN,TIGUAN,19,1,2,0,15020,5,269,1014
87694,NISSAN,X-TRAIL,19,3,1,0,15210,5,302,1070
87707,KIA,SPORTAGE,20,2,5,0,17964,3,225,922
87837,NISSAN,X-TRAIL,6,1,4,0,9720,4,180,3660
87841,KIA,SPORTAGE,16,1,3,0,14650,2,195,1075
87933,NISSAN,QASHQAI,14,1,3,0,11690,2,251,1366
87933,LAND ROVER,FREELANDER,37,2,3,0,19400,4,168,366
88195,LAND ROVER,FREELANDER,31,3,2,1,27140,2,284,552
88308,VOLKSWAGEN,TIGUAN,11,1,4,1,7500,4,309,2311
88505,VOLKSWAGEN,TIGUAN,20,2,4,0,9570,3,275,1204
88582,LAND ROVER,FREELANDER,36,2,1,0,30811,4,204,427
88730,VOLKSWAGEN,TIGUAN,1,1,1,0,2040,2,223,3444
88858,VOLKSWAGEN,TIGUAN,16,3,3,0,9200,2,228,1527
89028,VOLKSWAGEN,TIGUAN,11,1,2,0,13300,3,263,2001
89039,VOLKSWAGEN,TIGUAN,15,3,3,0,7700,1,254,1756
89153,VOLKSWAGEN,TIGUAN,11,2,2,0,8700,4,183,1833
89356,LAND ROVER,FREELANDER,31,1,3,0,24514,1,188,629
89367,NISSAN,QASHQAI,9,1,5,0,9170,3,192,2545
89377,VOLKSWAGEN,TIGUAN,7,1,4,0,7600,3,207,3277
89408,NISSAN,X-TRAIL,1,1,3,1,1300,4,222,5161
89469,NISSAN,X-TRAIL,23,1,4,1,13660,1,234,1112
89636,LAND ROVER,FREELANDER,30,1,2,0,21800,2,209,483
89659,LAND ROVER,FREELANDER,27,1,3,0,21222,3,242,667
89807,NISSAN,QASHQAI,18,1,4,0,11000,4,220,1275
89831,LAND ROVER,DISCOVERY SPORT,9,1,5,0,10000,1,133,4189
89831,LAND ROVER,FREELANDER,25,2,2,0,20938,2,170,670
89843,VOLKSWAGEN,TIGUAN,10,2,3,0,8627,7,251,2551
89881,LAND ROVER,DISCOVERY SPORT,2,1,4,0,1288,7,183,6580
89906,LAND ROVER,FREELANDER,27,1,1,1,28565,1,344,824
89932,KIA,SPORTAGE,20,1,3,0,19500,4,260,821
90032,KIA,SPORTAGE,12,2,1,0,13764,6,218,1234
90304,KIA,SPORTAGE,14,3,2,0,14800,2,218,1114
90377,NISSAN,X-TRAIL,6,1,4,0,9830,7,181,3383
90486,NISSAN,X-TRAIL,6,1,2,0,10527,3,235,2653
90565,NISSAN,QASHQAI,5,1,3,0,8012,2,162,2752
90646,VOLKSWAGEN,TIGUAN,13,3,3,0,6650,0,243,1716
90681,NISSAN,X-TRAIL,8,2,5,0,6782,2,188,3043
90870,NISSAN,QASHQAI,15,2,5,0,7280,5,229,1577
91174,LAND ROVER,DISCOVERY SPORT,23,1,2,0,22104,2,192,1087
91176,LAND ROVER,FREELANDER,34,2,4,0,12563,5,241,720
91399,LAND ROVER,FREELANDER,20,1,4,0,17700,4,275,1509
91419,KIA,SPORTAGE,11,2,3,0,11850,5,185,1556
91502,KIA,SPORTAGE,9,1,4,0,8837,0,134,1950
91552,NISSAN,PATHFINDER,8,1,3,0,4280,5,189,2887
91553,NISSAN,QASHQAI,12,2,3,0,14100,4,225,1727
91653,NISSAN,X-TRAIL,16,1,3,1,11070,3,374,1859
91671,LAND ROVER,FREELANDER,37,1,2,0,37300,6,229,377
91697,NISSAN,X-TRAIL,13,1,3,0,5774,5,231,1647
91720,NISSAN,X-TRAIL,13,1,3,0,14274,2,187,2073
91821,KIA,SPORTAGE,9,1,2,0,4100,6,178,1788
91832,NISSAN,PATHFINDER,19,1,5,0,17800,4,254,1728
91834,VOLKSWAGEN,TIGUAN,11,1,3,0,8176,3,258,2043
91915,LAND ROVER,DISCOVERY SPORT,15,2,4,0,14600,0,178,2577
91992,VOLKSWAGEN,TIGUAN,18,2,2,0,12912,3,317,1157
92088,NISSAN,X-TRAIL,16,1,3,0,8200,5,208,1400
92208,KIA,SPORTAGE,11,1,2,0,6479,9,156,1256
92252,KIA,SPORTAGE,16,1,3,0,11600,3,247,1139
92416,VOLKSWAGEN,TIGUAN,15,1,3,0,9808,4,264,1835
92811,LAND ROVER,DISCOVERY SPORT,17,1,4,0,9640,3,225,1996
92960,NISSAN,X-TRAIL,30,1,3,0,30950,2,219,496
93094,NISSAN,X-TRAIL,6,1,5,0,5100,1,132,3819
93109,KIA,SPORTAGE,5,1,2,0,15000,3,218,2416
93193,NISSAN,X-TRAIL,3,1,5,0,4480,3,215,4050
93415,NISSAN,X-TRAIL,9,1,5,0,9641,3,190,2753
93585,VOLKSWAGEN,TIGUAN,10,2,5,0,6350,3,251,2553
93631,NISSAN,QASHQAI,14,1,5,0,13848,3,282,1886
93662,LAND ROVER,FREELANDER,19,2,3,0,16700,2,204,1211
93688,KIA,SPORTAGE,3,2,1,0,8600,4,170,2046
93749,VOLKSWAGEN,TIGUAN,13,2,2,0,15100,6,278,1786
93882,NISSAN,QASHQAI,6,1,3,0,8890,1,158,2565
93891,KIA,SPORTAGE,8,1,1,0,5800,3,176,1481
94137,NISSAN,X-TRAIL,5,1,4,1,6005,3,283,3713
94145,VOLKSWAGEN,TIGUAN,6,1,2,0,3200,3,246,2457
94299,NISSAN,PATHFINDER,13,1,2,0,7600,3,250,2005
94302,LAND ROVER,FREELANDER,19,1,3,0,16242,4,257,1230
94307,NISSAN,QASHQAI,5,1,2,0,6600,6,159,2273
94413,LAND ROVER,FREELANDER,28,1,3,0,27800,0,176,599
94507,KIA,SPORTAGE,8,1,4,0,10060,3,211,2586
94533,KIA,SPORTAGE,18,1,1,0,9937,2,161,577
94628,KIA,SPORTAGE,18,3,3,0,13557,3,202,849
94663,NISSAN,QASHQAI,11,1,2,0,14510,0,183,1565
94797,NISSAN,X-TRAIL,6,1,4,0,5611,3,170,3251
94816,LAND ROVER,FREELANDER,29,1,4,0,23200,5,207,767
94948,NISSAN,X-TRAIL,9,1,2,0,6177,1,177,2107
94985,KIA,SPORTAGE,6,1,3,0,5800,4,145,2483
94996,LAND ROVER,FREELANDER,22,1,2,0,11711,7,256,838
95240,NISSAN,PATHFINDER,21,2,4,0,21700,2,186,1036
95310,NISSAN,QASHQAI,9,1,4,0,8124,2,140,2425
95490,KIA,SPORTAGE,15,3,2,0,8133,3,216,1072
95524,NISSAN,X-TRAIL,18,1,2,0,13500,4,238,1096
95542,LAND ROVER,FREELANDER,19,2,5,0,20900,6,237,1751
95631,NISSAN,X-TRAIL,16,2,2,0,9100,1,171,1044
95667,NISSAN,X-TRAIL,14,2,2,0,11300,9,250,1442
95713,NISSAN,X-TRAIL,13,2,2,0,13130,2,171,1731
95714,KIA,SPORTAGE,8,1,1,0,6800,2,156,1742
95884,KIA,SPORTAGE,2,1,1,0,4520,6,144,2527
96006,LAND ROVER,FREELANDER,27,1,3,0,14129,4,175,865
96115,VOLKSWAGEN,TIGUAN,4,1,3,0,4280,4,216,3434
96266,LAND ROVER,FREELANDER,35,1,2,0,25560,6,225,423
96376,KIA,SPORTAGE,15,4,2,0,15780,2,280,1267
96385,LAND ROVER,DISCOVERY SPORT,17,1,2,0,13679,3,258,1635
96495,LAND ROVER,FREELANDER,50,1,4,0,27400,8,203,161
96517,LAND ROVER,FREELANDER,34,3,5,1,21300,2,289,577
96704,NISSAN,X-TRAIL,8,1,2,0,6538,4,160,2005
96705,NISSAN,X-TRAIL,14,2,5,0,7834,3,227,2220
96810,LAND ROVER,DISCOVERY SPORT,16,4,2,1,11200,3,251,1769
96978,NISSAN,QASHQAI,19,2,4,0,19289,1,228,1011
97058,KIA,SPORTAGE,17,2,2,0,12799,3,171,889
97111,NISSAN,X-TRAIL,16,3,2,0,15223,4,216,1204
97312,NISSAN,X-TRAIL,14,1,1,0,12793,2,196,1481
97483,NISSAN,QASHQAI,19,1,5,0,13810,4,252,1069
97523,VOLKSWAGEN,TIGUAN,21,3,2,0,12900,5,271,905
97571,NISSAN,PATHFINDER,7,1,4,0,6400,4,177,3868
97623,NISSAN,PATHFINDER,10,1,3,0,8320,6,215,2768
97707,VOLKSWAGEN,TIGUAN,18,2,5,0,10890,3,288,1602
97817,NISSAN,X-TRAIL,15,1,3,0,10880,5,240,1451
97851,LAND ROVER,FREELANDER,29,1,3,0,20916,2,189,714
97888,KIA,SPORTAGE,5,1,2,0,4701,6,171,2153
97889,LAND ROVER,FREELANDER,31,1,1,0,16410,7,195,431
97924,KIA,SPORTAGE,1,1,3,0,1803,1,163,4329
98110,LAND ROVER,FREELANDER,35,3,1,0,31874,3,266,432
98119,LAND ROVER,FREELANDER,24,2,2,0,26000,5,216,779
98156,NISSAN,X-TRAIL,14,1,5,0,18700,7,248,2015
98276,KIA,SPORTAGE,20,1,4,0,8600,4,216,884
98311,NISSAN,X-TRAIL,10,1,1,0,6890,2,160,1593
98391,LAND ROVER,FREELANDER,32,2,3,0,22784,1,161,473
98476,NISSAN,X-TRAIL,9,1,5,0,4500,2,174,2733
98631,LAND ROVER,DISCOVERY SPORT,6,1,1,0,4783,0,148,3036
98820,NISSAN,X-TRAIL,10,1,2,0,6460,2,159,2141
98855,VOLKSWAGEN,TIGUAN,9,1,5,0,11790,0,230,2917
98918,NISSAN,X-TRAIL,17,3,1,0,16506,4,267,1183
98962,LAND ROVER,FREELANDER,36,1,4,1,34992,7,343,585
98992,VOLKSWAGEN,TIGUAN,14,1,4,0,12000,3,314,1611
98998,NISSAN,PATHFINDER,10,1,4,0,13600,1,203,2412
99017,NISSAN,X-TRAIL,15,1,5,0,7969,7,223,1989
99162,NISSAN,X-TRAIL,8,1,4,0,7080,4,180,3204
99295,NISSAN,QASHQAI,4,1,4,0,7358,3,149,3796
99325,LAND ROVER,FREELANDER,20,2,2,1,20109,2,312,1127
99914,VOLKSWAGEN,TIGUAN,1,1,4,0,1200,5,246,5940
99995,LAND ROVER,FREELANDER,35,2,4,0,38810,8,180,430
